<?xml version="1.0" encoding="UTF-8"?>
<spirit:abstractionDefinition xmlns:xilinx="http://www.xilinx.com"
		xmlns:spirit="http://www.spiritconsortium.org/XMLSchema/SPIRIT/1685-2009"
		xmlns:xsi="http://www.w3.org/2001/XMLSchema-instance">
	<spirit:vendor>avnet.com</spirit:vendor>
	<spirit:library>interface</spirit:library>
	<spirit:name>onsemi_vita_spi_rtl</spirit:name>
	<spirit:version>1.0</spirit:version>
	<spirit:busType spirit:vendor="avnet.com"
			spirit:library="interface"
			spirit:name="onsemi_vita_spi"
			spirit:version="1.0"/>
	<spirit:ports>
		<spirit:port>
			<spirit:logicalName>spi_sclk</spirit:logicalName>
			<spirit:description>VITA SPI Clock</spirit:description>
			<spirit:wire>
				<spirit:onMaster>
					<spirit:width>1</spirit:width>
					<spirit:direction>out</spirit:direction>
				</spirit:onMaster>
			</spirit:wire>
		</spirit:port>
		<spirit:port>
			<spirit:logicalName>spi_ssel_n</spirit:logicalName>
			<spirit:description>VITA SPI Select</spirit:description>
			<spirit:wire>
				<spirit:onMaster>
					<spirit:width>1</spirit:width>
					<spirit:direction>out</spirit:direction>
				</spirit:onMaster>
			</spirit:wire>
		</spirit:port>
		<spirit:port>
			<spirit:logicalName>spi_mosi</spirit:logicalName>
			<spirit:description>VITA SPI Data In</spirit:description>
			<spirit:wire>
				<spirit:onMaster>
					<spirit:width>1</spirit:width>
					<spirit:direction>out</spirit:direction>
				</spirit:onMaster>
			</spirit:wire>
		</spirit:port>
		<spirit:port>
			<spirit:logicalName>spi_miso</spirit:logicalName>
			<spirit:description>VITA SPI Data Out</spirit:description>
			<spirit:wire>
				<spirit:onMaster>
					<spirit:width>1</spirit:width>
					<spirit:direction>in</spirit:direction>
				</spirit:onMaster>
			</spirit:wire>
		</spirit:port>
	</spirit:ports>
</spirit:abstractionDefinition>
