<?xml version="1.0" encoding="UTF-8"?>
<spirit:busDefinition xmlns:xilinx="http://www.xilinx.com"
		xmlns:spirit="http://www.spiritconsortium.org/XMLSchema/SPIRIT/1685-2009"
		xmlns:xsi="http://www.w3.org/2001/XMLSchema-instance">
	<spirit:vendor>avnet.com</spirit:vendor>
	<spirit:library>interface</spirit:library>
	<spirit:name>onsemi_vita_spi</spirit:name>
	<spirit:version>1.0</spirit:version>
	<spirit:directConnection>true</spirit:directConnection>
	<spirit:isAddressable>false</spirit:isAddressable>
	<spirit:maxMasters>1</spirit:maxMasters>
	<spirit:maxSlaves>0</spirit:maxSlaves>
	<spirit:description>IO Bus Interface for VITA SPI Controller from ON Semiconductor</spirit:description>
</spirit:busDefinition>
