<?xml version="1.0" encoding="UTF-8"?>
<spirit:abstractionDefinition xmlns:xilinx="http://www.xilinx.com" xmlns:spirit="http://www.spiritconsortium.org/XMLSchema/SPIRIT/1685-2009" xmlns:xsi="http://www.w3.org/2001/XMLSchema-instance">
  <spirit:vendor>avnet.com</spirit:vendor>
  <spirit:library>user</spirit:library>
  <spirit:name>SF_SM_Master_Bus_rtl</spirit:name>
  <spirit:version>1.0</spirit:version>
  <spirit:busType spirit:vendor="avnet.com" spirit:library="user" spirit:name="SF_SM_Master_Bus" spirit:version="1.0"/>
  <spirit:ports>
    <spirit:port>
      <spirit:logicalName>PERS_DATA_OUT</spirit:logicalName>
      <spirit:description>Data Out to Personality SM</spirit:description>
      <spirit:wire>
        <spirit:qualifier>
          <spirit:isData>true</spirit:isData>
        </spirit:qualifier>
        <spirit:onMaster>
          <spirit:presence>optional</spirit:presence>
          <spirit:width>32</spirit:width>
          <spirit:direction>out</spirit:direction>
        </spirit:onMaster>
        <spirit:onSlave>
          <spirit:width>32</spirit:width>
          <spirit:direction>in</spirit:direction>
        </spirit:onSlave>
      </spirit:wire>
    </spirit:port>
    <spirit:port>
      <spirit:logicalName>PERS_DATA_IN</spirit:logicalName>
      <spirit:description>Data IN from Personality SM</spirit:description>
      <spirit:wire>
        <spirit:qualifier>
          <spirit:isData>true</spirit:isData>
        </spirit:qualifier>
        <spirit:onMaster>
          <spirit:presence>required</spirit:presence>
          <spirit:width>32</spirit:width>
          <spirit:direction>in</spirit:direction>
        </spirit:onMaster>
        <spirit:onSlave>
          <spirit:width>32</spirit:width>
        </spirit:onSlave>
      </spirit:wire>
    </spirit:port>
    <spirit:port>
      <spirit:logicalName>PERS_TRIGO</spirit:logicalName>
      <spirit:description>Trigger TO  Personality SM</spirit:description>
      <spirit:wire>
        <spirit:qualifier>
          <spirit:isData>true</spirit:isData>
        </spirit:qualifier>
        <spirit:onMaster>
          <spirit:width>1</spirit:width>
        </spirit:onMaster>
        <spirit:onSlave>
          <spirit:width>1</spirit:width>
          <spirit:direction>in</spirit:direction>
        </spirit:onSlave>
      </spirit:wire>
    </spirit:port>
    <spirit:port>
      <spirit:logicalName>PERS_TRIGI</spirit:logicalName>
      <spirit:description>Trigger FROM  Personality SM</spirit:description>
      <spirit:wire>
        <spirit:qualifier>
          <spirit:isData>true</spirit:isData>
        </spirit:qualifier>
        <spirit:onMaster>
          <spirit:width>1</spirit:width>
          <spirit:direction>in</spirit:direction>
        </spirit:onMaster>
        <spirit:onSlave>
          <spirit:width>1</spirit:width>
          <spirit:direction>out</spirit:direction>
        </spirit:onSlave>
      </spirit:wire>
    </spirit:port>
  </spirit:ports>
</spirit:abstractionDefinition>
