<?xml version="1.0" encoding="UTF-8"?>
<projectDescription>
	<name>avnet_hw_platform_0</name>
	<comment>Created by SDK v2016.1</comment>
	<projects>
	</projects>
	<buildSpec>
	</buildSpec>
	<natures>
	</natures>
	<filteredResources>
		<filter>
			<id>1469432559878</id>
			<name></name>
			<type>6</type>
			<matcher>
				<id>org.eclipse.ui.ide.multiFilter</id>
				<arguments>1.0-name-matches-false-false-*.xml</arguments>
			</matcher>
		</filter>
		<filter>
			<id>1469432559883</id>
			<name></name>
			<type>6</type>
			<matcher>
				<id>org.eclipse.ui.ide.multiFilter</id>
				<arguments>1.0-name-matches-false-false-*.svd</arguments>
			</matcher>
		</filter>
		<filter>
			<id>1469432559888</id>
			<name></name>
			<type>6</type>
			<matcher>
				<id>org.eclipse.ui.ide.multiFilter</id>
				<arguments>1.0-name-matches-false-false-*.hwh</arguments>
			</matcher>
		</filter>
	</filteredResources>
</projectDescription>
